{"cameraMode":{"drawMode":0,"name":"Shaded","section":"Shading Mode"},"sceneLighting":true,"audioPlay":false,"sceneViewState":{"m_AlwaysRefresh":false,"showFog":true,"showSkybox":true,"showFlares":true,"showImageEffects":true,"showParticleSystems":true,"showVisualEffectGraphs":true,"m_FxEnabled":true},"in2DMode":false,"pivot":{"x":0.24064475297927857,"y":1.7187342643737794,"z":-6.364806652069092},"rotation":{"x":-0.062476690858602527,"y":0.9359498023986816,"z":-0.2714783251285553,"w":-0.2153969556093216},"size":3.5220956802368166,"orthographic":true}