{"cameraMode":{"drawMode":0,"name":"Shaded","section":"Shading Mode"},"sceneLighting":false,"audioPlay":false,"sceneViewState":{"m_AlwaysRefresh":false,"showFog":false,"showSkybox":false,"showFlares":false,"showImageEffects":false,"showParticleSystems":false,"showVisualEffectGraphs":true,"m_FxEnabled":true},"in2DMode":false,"pivot":{"x":-0.2717631459236145,"y":0.34030109643936159,"z":0.12190234661102295},"rotation":{"x":-0.062476690858602527,"y":0.9359498023986816,"z":-0.2714783251285553,"w":-0.2153969556093216},"size":1.6407135725021363,"orthographic":true}